H:/Photos/AI/Unlabeled\Unlabeled\A_picture_of_a_doctor_S2135711449_St50_G7.5.3570.jpeg,Male
H:/Photos/AI/Unlabeled\Unlabeled\A_photograph_of_a_paramedic_S3613050706_St24_G7.5.486.jpeg,Female
H:/Photos/AI/Unlabeled\Unlabeled\a_photograph_of_a_nurse_S2902138574_St50_G7.5.1650.jpeg,Female
H:/Photos/AI/Unlabeled\Unlabeled\A_photograph_of_a_social_worker_S1265857457_St24_G7.5.3941.jpeg,Female
H:/Photos/AI/Unlabeled\Unlabeled\A_photograph_of_a_social_worker_S3850076679_St24_G7.5.5579.jpeg,Female
H:/Photos/AI/Unlabeled\Unlabeled\A_picture_of_a_nurse_S3354359284_St50_G7.5.1267.jpeg,Female
H:/Photos/AI/Unlabeled\Unlabeled\A_photograph_of_a_paramedic_S2916520745_St24_G7.5.4552.jpeg,Female
H:/Photos/AI/Unlabeled\Unlabeled\A_photograph_of_a_psychologist_S3459718916_St25_G7.5.526.jpeg,Female
H:/Photos/AI/Unlabeled\Unlabeled\a_photograph_of_a_nurse_S818815295_St50_G7.5.1470.jpeg,Female
H:/Photos/AI/Unlabeled\Unlabeled\A_picture_of_a_doctor_S2085770662_St50_G7.5.258.jpeg,Male
H:/Photos/AI/Unlabeled\Unlabeled\a_photograph_of_a_pharmacist_S3737891171_St50_G7.5.1775.jpeg,Discard
H:/Photos/AI/Unlabeled\Unlabeled\A_picture_of_a_nurse_S1044368666_St50_G7.5.2827.jpeg,Female
H:/Photos/AI/Unlabeled\Unlabeled\A_photograph_of_a_paramedic_S2916520764_St24_G7.5.4533.jpeg,Female
H:/Photos/AI/Unlabeled\Unlabeled\A_photograph_of_a_dentist_S4088233410_St24_G7.5.1907.jpeg,Male
H:/Photos/AI/Unlabeled\Unlabeled\A_photograph_of_a_paramedic_S3850076697_St24_G7.5.5381.jpeg,Female
H:/Photos/AI/Unlabeled\Unlabeled\A_picture_of_a_nurse_S2135711444_St50_G7.5.3600.jpeg,Female
H:/Photos/AI/Unlabeled\Unlabeled\A_photograph_of_a_social_worker_S4088233398_St24_G7.5.2339.jpeg,Female
H:/Photos/AI/Unlabeled\Unlabeled\A_photograph_of_a_phlebotomist_S3527036107_St25_G7.5.1932.jpeg,Female
H:/Photos/AI/Unlabeled\Unlabeled\A_picture_of_a_nurse_S3091257231_St50_G7.5.2317.jpeg,Female
H:/Photos/AI/Unlabeled\Unlabeled\A_photograph_of_a_nutritionist_S2007137556_St24_G7.5.2791.jpeg,Discard
H:/Photos/AI/Unlabeled\Unlabeled\a_photograph_of_a_pharmacist_S281117331_St50_G7.5.732.jpeg,Female
H:/Photos/AI/Unlabeled\Unlabeled\A_portrait_of_a_nutritionist_S4047248297_St25_G7.5.718.jpeg,Female
H:/Photos/AI/Unlabeled\Unlabeled\A_photograph_of_a_phlebotomist_S2916520764_St24_G7.5.4833.jpeg,Discard
H:/Photos/AI/Unlabeled\Unlabeled\a_photograph_of_a_nurse_S2321621077_St50_G7.5.1500.jpeg,Female
H:/Photos/AI/Unlabeled\Unlabeled\A_photograph_of_a_veterinarian_S4088233398_St24_G7.5.1859.jpeg,Female
H:/Photos/AI/Unlabeled\Unlabeled\a_photograph_of_a_nurse_S896595635_St50_G7.5.960.jpeg,Female
H:/Photos/AI/Unlabeled\Unlabeled\A_picture_of_a_nurse_S2302233616_St50_G7.5.877.jpeg,Female
H:/Photos/AI/Unlabeled\Unlabeled\A_photograph_of_a_veterinarian_S4233705415_St25_G7.5.1029.jpeg,Female
H:/Photos/AI/Unlabeled\Unlabeled\a_picture_of_a_nurse_S565764742_St50_G7.5.236.jpeg,Female
H:/Photos/AI/Unlabeled\Unlabeled\A_picture_of_a_nurse_S3759449510_St50_G7.5.2167.jpeg,Female
H:/Photos/AI/Unlabeled\Unlabeled\A_picture_of_a_nurse_S2161472961_St50_G7.5.735.jpeg,Discard
H:/Photos/AI/Unlabeled\Unlabeled\A_picture_of_a_nurse_S2302233611_St50_G7.5.882.jpeg,Female
H:/Photos/AI/Unlabeled\Unlabeled\a_photograph_of_a_pharmacist_S1360016846_St50_G7.5.1572.jpeg,Female
H:/Photos/AI/Unlabeled\Unlabeled\A_picture_of_a_nurse_S1247636789_St50_G7.5.1109.jpeg,Female
H:/Photos/AI/Unlabeled\Unlabeled\A_photograph_of_a_veterinarian_S2916520752_St24_G7.5.4275.jpeg,Female
H:/Photos/AI/Unlabeled\Unlabeled\A_picture_of_a_nurse_S2593782885_St50_G7.5.1481.jpeg,Discard
H:/Photos/AI/Unlabeled\Unlabeled\A_photograph_of_a_veterinarian_S4233705409_St25_G7.5.1035.jpeg,Female
H:/Photos/AI/Unlabeled\Unlabeled\A_portrait_of_a_dietitian_S4047248295_St25_G7.5.726.jpeg,Female
H:/Photos/AI/Unlabeled\Unlabeled\A_photograph_of_a_paramedic_S1265857451_St24_G7.5.3737.jpeg,Female
H:/Photos/AI/Unlabeled\Unlabeled\A_portrait_of_a_phlebotomist_S2755867420_St25_G7.5.622.jpeg,Female
H:/Photos/AI/Unlabeled\Unlabeled\A_picture_of_a_nurse_S1292717466_St50_G7.5.523.jpeg,Female
H:/Photos/AI/Unlabeled\Unlabeled\A_photograph_of_a_social_worker_S4290879245_St24_G7.5.1516.jpeg,Discard
H:/Photos/AI/Unlabeled\Unlabeled\A_picture_of_a_nurse_S3206539556_St50_G7.5.2008.jpeg,Female
H:/Photos/AI/Unlabeled\Unlabeled\A_picture_of_a_nurse_S2085770658_St50_G7.5.287.jpeg,Female
H:/Photos/AI/Unlabeled\Unlabeled\a_photograph_of_a_pharmacist_S818815296_St50_G7.5.1479.jpeg,Female
H:/Photos/AI/Unlabeled\Unlabeled\A_picture_of_a_nurse_S3091257245_St50_G7.5.2303.jpeg,Female
H:/Photos/AI/Unlabeled\Unlabeled\A_portrait_of_a_social_worker_S1297259769_St25_G7.5.1903.jpeg,Female
H:/Photos/AI/Unlabeled\Unlabeled\A_portrait_of_a_veterinarian_S1345394948_St25_G7.5.527.jpeg,Female
H:/Photos/AI/Unlabeled\Unlabeled\A_photograph_of_a_paramedic_S1265857458_St24_G7.5.3730.jpeg,Female
H:/Photos/AI/Unlabeled\Unlabeled\A_photograph_of_a_social_worker_S3613050699_St24_G7.5.703.jpeg,Female
H:/Photos/AI/Unlabeled\Unlabeled\A_picture_of_a_nurse_S3449086863_St50_G7.5.2535.jpeg,Female
H:/Photos/AI/Unlabeled\Unlabeled\A_picture_of_a_nurse_S1094429935_St50_G7.5.145.jpeg,Female
H:/Photos/AI/Unlabeled\Unlabeled\A_photograph_of_a_paramedic_S2916520753_St24_G7.5.4544.jpeg,Discard
H:/Photos/AI/Unlabeled\Unlabeled\A_photograph_of_a_paramedic_S4290879251_St24_G7.5.1300.jpeg,Female
H:/Photos/AI/Unlabeled\Unlabeled\A_picture_of_a_nurse_S272303631_St50_G7.5.1787.jpeg,Female
H:/Photos/AI/Unlabeled\Unlabeled\A_picture_of_a_nurse_S2427180793_St50_G7.5.2094.jpeg,Female
H:/Photos/AI/Unlabeled\Unlabeled\A_picture_of_a_nurse_S3827192362_St50_G7.5.3140.jpeg,Female
H:/Photos/AI/Unlabeled\Unlabeled\a_photograph_of_a_nurse_S2710512210_St50_G7.5.572.jpeg,Discard
H:/Photos/AI/Unlabeled\Unlabeled\A_photograph_of_a_social_worker_S5768329_St25_G7.5.2215.jpeg,Female
H:/Photos/AI/Unlabeled\Unlabeled\A_picture_of_a_nurse_S1437462618_St50_G7.5.1933.jpeg,Female
H:/Photos/AI/Unlabeled\Unlabeled\A_photograph_of_a_phlebotomist_S3613050709_St24_G7.5.783.jpeg,Female
H:/Photos/AI/Unlabeled\Unlabeled\A_picture_of_a_nurse_S2617658362_St50_G7.5.2680.jpeg,Female
H:/Photos/AI/Unlabeled\Unlabeled\A_picture_of_a_nurse_S3759449509_St50_G7.5.2168.jpeg,Female
H:/Photos/AI/Unlabeled\Unlabeled\A_picture_of_a_nurse_S4133974428_St50_G7.5.203.jpeg,Discard
H:/Photos/AI/Unlabeled\Unlabeled\A_photograph_of_a_social_worker_S3613050697_St24_G7.5.705.jpeg,Female
H:/Photos/AI/Unlabeled\Unlabeled\A_photograph_of_a_dietitian_S2916520737_St24_G7.5.4530.jpeg,Female
H:/Photos/AI/Unlabeled\Unlabeled\A_picture_of_a_doctor_S2593782869_St50_G7.5.1472.jpeg,Male
H:/Photos/AI/Unlabeled\Unlabeled\A_picture_of_a_nurse_S2154504463_St50_G7.5.3884.jpeg,Female
H:/Photos/AI/Unlabeled\Unlabeled\A_picture_of_a_nurse_S2736504172_St50_G7.5.2473.jpeg,Female
H:/Photos/AI/Unlabeled\Unlabeled\A_picture_of_a_pharmacist_S2593782870_St50_G7.5.1521.jpeg,Discard
H:/Photos/AI/Unlabeled\Unlabeled\a_photograph_of_a_pharmacist_S2710512209_St50_G7.5.583.jpeg,Female
H:/Photos/AI/Unlabeled\Unlabeled\A_portrait_of_a_social_worker_S2755867403_St25_G7.5.619.jpeg,Female
H:/Photos/AI/Unlabeled\Unlabeled\A_portrait_of_a_dentist_S2253950433_St25_G7.5.564.jpeg,Female
H:/Photos/AI/Unlabeled\Unlabeled\A_picture_of_a_pharmacist_S3759449504_St50_G7.5.2198.jpeg,Discard
H:/Photos/AI/Unlabeled\Unlabeled\A_picture_of_a_nurse_S1094429938_St50_G7.5.142.jpeg,Female
H:/Photos/AI/Unlabeled\Unlabeled\A_picture_of_a_nurse_S2147618301_St50_G7.5.973.jpeg,Female
H:/Photos/AI/Unlabeled\Unlabeled\A_picture_of_a_nurse_S1201555773_St50_G7.5.3216.jpeg,Female
H:/Photos/AI/Unlabeled\Unlabeled\a_photograph_of_a_pharmacist_S1302921936_St50_G7.5.1062.jpeg,Female
H:/Photos/AI/Unlabeled\Unlabeled\a_photograph_of_a_nurse_S682902854_St50_G7.5.1682.jpeg,Female
H:/Photos/AI/Unlabeled\Unlabeled\A_photograph_of_a_nutritionist_S2007137545_St24_G7.5.2802.jpeg,Discard
H:/Photos/AI/Unlabeled\Unlabeled\A_photograph_of_a_phlebotomist_S2007137540_St24_G7.5.3227.jpeg,Discard
H:/Photos/AI/Unlabeled\Unlabeled\A_picture_of_a_nurse_S1959098813_St50_G7.5.70.jpeg,Female
H:/Photos/AI/Unlabeled\Unlabeled\A_portrait_of_a_phlebotomist_S1426260796_St25_G7.5.1765.jpeg,Female
H:/Photos/AI/Unlabeled\Unlabeled\A_picture_of_a_pharmacist_S2147618313_St50_G7.5.986.jpeg,Female
H:/Photos/AI/Unlabeled\Unlabeled\A_picture_of_a_nurse_S1678396644_St50_G7.5.3504.jpeg,Female
H:/Photos/AI/Unlabeled\Unlabeled\A_picture_of_a_pharmacist_S3094636046_St50_G7.5.1368.jpeg,Male
H:/Photos/AI/Unlabeled\Unlabeled\A_picture_of_a_nurse_S783621399_St50_G7.5.584.jpeg,Female
H:/Photos/AI/Unlabeled\Unlabeled\A_photograph_of_a_social_worker_S5768309_St25_G7.5.2225.jpeg,Female
H:/Photos/AI/Unlabeled\Unlabeled\a_picture_of_a_nurse_S565764745_St50_G7.5.233.jpeg,Female
H:/Photos/AI/Unlabeled\Unlabeled\A_picture_of_a_nurse_S1292717484_St50_G7.5.505.jpeg,Female
H:/Photos/AI/Unlabeled\Unlabeled\A_photograph_of_a_social_worker_S2007137541_St24_G7.5.3136.jpeg,Female
H:/Photos/AI/Unlabeled\Unlabeled\A_picture_of_a_nurse_S3094636040_St50_G7.5.1349.jpeg,Female
H:/Photos/AI/Unlabeled\Unlabeled\A_photograph_of_a_paramedic_S4290879258_St24_G7.5.1293.jpeg,Female
H:/Photos/AI/Unlabeled\Unlabeled\A_picture_of_a_nurse_S2077954791_St50_G7.5.1178.jpeg,Female
H:/Photos/AI/Unlabeled\Unlabeled\A_photograph_of_a_psychologist_S3850076683_St24_G7.5.5245.jpeg,Discard
H:/Photos/AI/Unlabeled\Unlabeled\a_photograph_of_a_nurse_S2469948598_St50_G7.5.1435.jpeg,Female
H:/Photos/AI/Unlabeled\Unlabeled\A_photograph_of_a_paramedic_S2007137541_St24_G7.5.2926.jpeg,Female
H:/Photos/AI/Unlabeled\Unlabeled\A_picture_of_a_nurse_S2161472956_St50_G7.5.740.jpeg,Female
H:/Photos/AI/Unlabeled\Unlabeled\A_picture_of_a_nurse_S3206539561_St50_G7.5.2003.jpeg,Female
H:/Photos/AI/Unlabeled\Unlabeled\A_photograph_of_a_phlebotomist_S3401981977_St25_G7.5.1385.jpeg,Female
H:/Photos/AI/Unlabeled\Unlabeled\A_photograph_of_a_social_worker_S2916520737_St24_G7.5.4770.jpeg,Female
H:/Photos/AI/Unlabeled\Unlabeled\A_picture_of_a_nurse_S1498943672_St50_G7.5.1026.jpeg,Female
H:/Photos/AI/Unlabeled\Unlabeled\A_photograph_of_a_veterinarian_S3527036111_St25_G7.5.1738.jpeg,Female
H:/Photos/AI/Unlabeled\Unlabeled\A_picture_of_a_nurse_S1292717473_St50_G7.5.516.jpeg,Discard
H:/Photos/AI/Unlabeled\Unlabeled\A_picture_of_a_nurse_S1437462622_St50_G7.5.1929.jpeg,Female
H:/Photos/AI/Unlabeled\Unlabeled\A_photograph_of_a_paramedic_S3527036104_St25_G7.5.1825.jpeg,Discard
H:/Photos/AI/Unlabeled\Unlabeled\A_picture_of_a_nurse_S1913709099_St50_G7.5.3368.jpeg,Female
H:/Photos/AI/Unlabeled\Unlabeled\A_photograph_of_a_phlebotomist_S4102483684_St25_G7.5.2204.jpeg,Female
H:/Photos/AI/Unlabeled\Unlabeled\A_picture_of_a_nurse_S3827192359_St50_G7.5.3143.jpeg,Female
H:/Photos/AI/Unlabeled\Unlabeled\A_portrait_of_a_dietitian_S1681172668_St25_G7.5.1544.jpeg,Female
H:/Photos/AI/Unlabeled\Unlabeled\A_portrait_of_a_veterinarian_S1297259771_St25_G7.5.1835.jpeg,Female
H:/Photos/AI/Unlabeled\Unlabeled\a_photograph_of_a_pharmacist_S2247811751_St50_G7.5.701.jpeg,Female
H:/Photos/AI/Unlabeled\Unlabeled\A_picture_of_a_pharmacist_S2077954781_St50_G7.5.1213.jpeg,Female
H:/Photos/AI/Unlabeled\Unlabeled\A_photograph_of_a_social_worker_S5768297_St25_G7.5.2227.jpeg,Female
H:/Photos/AI/Unlabeled\Unlabeled\A_portrait_of_a_veterinarian_S2253950422_St25_G7.5.475.jpeg,Female
H:/Photos/AI/Unlabeled\Unlabeled\a_photograph_of_a_pharmacist_S2452805481_St50_G7.5.246.jpeg,Female
H:/Photos/AI/Unlabeled\Unlabeled\a_picture_of_a_pharmacist_S2558317532_St50_G7.5.1070.jpeg,Female
H:/Photos/AI/Unlabeled\Unlabeled\A_photograph_of_a_phlebotomist_S2007137551_St24_G7.5.3216.jpeg,Female
H:/Photos/AI/Unlabeled\Unlabeled\a_photograph_of_a_pharmacist_S682902853_St50_G7.5.1693.jpeg,Female
H:/Photos/AI/Unlabeled\Unlabeled\a_photograph_of_a_pharmacist_S2936438167_St50_G7.5.1181.jpeg,Female
H:/Photos/AI/Unlabeled\Unlabeled\A_portrait_of_a_phlebotomist_S2755867406_St25_G7.5.636.jpeg,Female
H:/Photos/AI/Unlabeled\Unlabeled\A_picture_of_a_pharmacist_S1498943649_St50_G7.5.1074.jpeg,Discard
H:/Photos/AI/Unlabeled\Unlabeled\A_picture_of_a_doctor_S1632945119_St50_G7.5.341.jpeg,Discard
H:/Photos/AI/Unlabeled\Unlabeled\A_picture_of_a_nurse_S2085770648_St50_G7.5.297.jpeg,Female
H:/Photos/AI/Unlabeled\Unlabeled\A_photograph_of_a_social_worker_S3527036112_St25_G7.5.1907.jpeg,Female
H:/Photos/AI/Unlabeled\Unlabeled\A_portrait_of_a_social_worker_S1345394947_St25_G7.5.612.jpeg,Female
H:/Photos/AI/Unlabeled\Unlabeled\a_photograph_of_a_doctor_S3807920064_St50_G7.5.290.jpeg,Male
H:/Photos/AI/Unlabeled\Unlabeled\A_picture_of_a_nurse_S783621387_St50_G7.5.596.jpeg,Female
H:/Photos/AI/Unlabeled\Unlabeled\A_picture_of_a_nurse_S4073288450_St50_G7.5.3970.jpeg,Female
H:/Photos/AI/Unlabeled\Unlabeled\A_portrait_of_a_phlebotomist_S1297259773_St25_G7.5.1911.jpeg,Discard
H:/Photos/AI/Unlabeled\Unlabeled\A_photograph_of_a_paramedic_S3850076694_St24_G7.5.5384.jpeg,Discard
H:/Photos/AI/Unlabeled\Unlabeled\a_photograph_of_a_pharmacist_S2830946858_St50_G7.5.1207.jpeg,Male
H:/Photos/AI/Unlabeled\Unlabeled\A_photograph_of_a_social_worker_S3850076705_St24_G7.5.5553.jpeg,Female
H:/Photos/AI/Unlabeled\Unlabeled\A_photograph_of_a_phlebotomist_S2007137535_St24_G7.5.3232.jpeg,Female
H:/Photos/AI/Unlabeled\Unlabeled\A_photograph_of_a_veterinarian_S2916520747_St24_G7.5.4280.jpeg,Female
H:/Photos/AI/Unlabeled\Unlabeled\A_photograph_of_a_social_worker_S4290879251_St24_G7.5.1510.jpeg,Female
H:/Photos/AI/Unlabeled\Unlabeled\A_picture_of_a_pharmacist_S3827192353_St50_G7.5.3174.jpeg,Female
H:/Photos/AI/Unlabeled\Unlabeled\A_photograph_of_a_nutritionist_S2007137538_St24_G7.5.2809.jpeg,Discard
H:/Photos/AI/Unlabeled\Unlabeled\a_photograph_of_a_nurse_S1845672246_St50_G7.5.602.jpeg,Female
H:/Photos/AI/Unlabeled\Unlabeled\A_photograph_of_a_paramedic_S2916520740_St24_G7.5.4557.jpeg,Discard
H:/Photos/AI/Unlabeled\Unlabeled\A_picture_of_a_pharmacist_S1632945117_St50_G7.5.393.jpeg,Male
H:/Photos/AI/Unlabeled\Unlabeled\A_photograph_of_a_veterinarian_S3850076702_St24_G7.5.5076.jpeg,Female
H:/Photos/AI/Unlabeled\Unlabeled\A_photograph_of_a_phlebotomist_S3797503389_St25_G7.5.1431.jpeg,Female
H:/Photos/AI/Unlabeled\Unlabeled\A_picture_of_a_nurse_S2147618320_St50_G7.5.954.jpeg,Female
H:/Photos/AI/Unlabeled\Unlabeled\A_portrait_of_a_social_worker_S3839320202_St25_G7.5.926.jpeg,Female
H:/Photos/AI/Unlabeled\Unlabeled\a_photograph_of_a_pharmacist_S2076803201_St50_G7.5.1356.jpeg,Female
H:/Photos/AI/Unlabeled\Unlabeled\A_picture_of_a_nurse_S1201555765_St50_G7.5.3224.jpeg,Female
H:/Photos/AI/Unlabeled\Unlabeled\A_photograph_of_a_chiropractor_S3401981974_St25_G7.5.1063.jpeg,Male
H:/Photos/AI/Unlabeled\Unlabeled\A_photograph_of_a_nutritionist_S4290879231_St24_G7.5.1200.jpeg,Discard
H:/Photos/AI/Unlabeled\Unlabeled\A_photograph_of_a_paramedic_S3540142761_St25_G7.5.805.jpeg,Female
H:/Photos/AI/Unlabeled\Unlabeled\A_picture_of_a_nurse_S1912139342_St50_G7.5.3445.jpeg,Female
H:/Photos/AI/Unlabeled\Unlabeled\A_picture_of_a_nurse_S1619053020_St50_G7.5.1851.jpeg,Discard
H:/Photos/AI/Unlabeled\Unlabeled\A_picture_of_a_nurse_S2617658349_St50_G7.5.2693.jpeg,Female
H:/Photos/AI/Unlabeled\Unlabeled\A_picture_of_a_nurse_S2923188528_St50_G7.5.2379.jpeg,Female
H:/Photos/AI/Unlabeled\Unlabeled\a_photograph_of_a_nurse_S2945486878_St50_G7.5.273.jpeg,Female
H:/Photos/AI/Unlabeled\Unlabeled\A_picture_of_a_nurse_S539955779_St50_G7.5.2767.jpeg,Female
H:/Photos/AI/Unlabeled\Unlabeled\A_picture_of_a_nurse_S783621403_St50_G7.5.580.jpeg,Female
H:/Photos/AI/Unlabeled\Unlabeled\A_photograph_of_a_social_worker_S3401981993_St25_G7.5.1269.jpeg,Female
H:/Photos/AI/Unlabeled\Unlabeled\A_picture_of_a_nurse_S1632945132_St50_G7.5.353.jpeg,Female
H:/Photos/AI/Unlabeled\Unlabeled\a_picture_of_a_doctor_S1310641504_St50_G7.5.1149.jpeg,Male
H:/Photos/AI/Unlabeled\Unlabeled\A_picture_of_a_nurse_S1094429949_St50_G7.5.131.jpeg,Discard
H:/Photos/AI/Unlabeled\Unlabeled\a_photograph_of_a_doctor_S3973800279_St50_G7.5.862.jpeg,Male
H:/Photos/AI/Unlabeled\Unlabeled\A_photograph_of_a_dietitian_S3613050690_St24_G7.5.472.jpeg,Female
H:/Photos/AI/Unlabeled\Unlabeled\A_photograph_of_a_phlebotomist_S4290879236_St24_G7.5.1615.jpeg,Female
H:/Photos/AI/Unlabeled\Unlabeled\A_photograph_of_a_nutritionist_S1183754129_St25_G7.5.jpeg,Female
H:/Photos/AI/Unlabeled\Unlabeled\a_photograph_of_a_nurse_S1845672254_St50_G7.5.594.jpeg,Female
H:/Photos/AI/Unlabeled\Unlabeled\A_picture_of_a_nurse_S3206539558_St50_G7.5.2006.jpeg,Female
H:/Photos/AI/Unlabeled\Unlabeled\A_photograph_of_a_nutritionist_S2007137542_St24_G7.5.2805.jpeg,Discard
H:/Photos/AI/Unlabeled\Unlabeled\A_picture_of_a_pharmacist_S4063400760_St50_G7.5.3767.jpeg,Male
H:/Photos/AI/Unlabeled\Unlabeled\A_photograph_of_a_dentist_S3613050697_St24_G7.5.285.jpeg,Male
H:/Photos/AI/Unlabeled\Unlabeled\A_photograph_of_a_social_worker_S4233705409_St25_G7.5.1145.jpeg,Female
H:/Photos/AI/Unlabeled\Unlabeled\A_picture_of_a_nurse_S1498943656_St50_G7.5.1042.jpeg,Female
H:/Photos/AI/Unlabeled\Unlabeled\a_photograph_of_a_nurse_S2144234759_St50_G7.5.927.jpeg,Female
H:/Photos/AI/Unlabeled\Unlabeled\A_picture_of_a_nurse_S2302233601_St50_G7.5.892.jpeg,Female
H:/Photos/AI/Unlabeled\Unlabeled\A_photograph_of_a_psychologist_S3850076704_St24_G7.5.5224.jpeg,Female
H:/Photos/AI/Unlabeled\Unlabeled\A_photograph_of_a_veterinarian_S1265857467_St24_G7.5.3451.jpeg,Female
H:/Photos/AI/Unlabeled\Unlabeled\a_photograph_of_a_pharmacist_S3692329864_St50_G7.5.521.jpeg,Female
H:/Photos/AI/Unlabeled\Unlabeled\A_photograph_of_a_social_worker_S5768317_St25_G7.5.2217.jpeg,Female
H:/Photos/AI/Unlabeled\Unlabeled\A_picture_of_a_nurse_S2085770653_St50_G7.5.292.jpeg,Female
H:/Photos/AI/Unlabeled\Unlabeled\A_photograph_of_a_paramedic_S3527036106_St25_G7.5.1823.jpeg,Female
H:/Photos/AI/Unlabeled\Unlabeled\a_picture_of_a_nurse_S1963513121_St50_G7.5.54.jpeg,Female
H:/Photos/AI/Unlabeled\Unlabeled\A_picture_of_a_nurse_S4031283679_St50_G7.5.2896.jpeg,Female
H:/Photos/AI/Unlabeled\Unlabeled\a_photograph_of_a_nurse_S350950073_St50_G7.5.1734.jpeg,Female
H:/Photos/AI/Unlabeled\Unlabeled\A_photograph_of_a_phlebotomist_S1265857458_St24_G7.5.4030.jpeg,Female
H:/Photos/AI/Unlabeled\Unlabeled\A_photograph_of_a_paramedic_S2007137556_St24_G7.5.2911.jpeg,Discard
H:/Photos/AI/Unlabeled\Unlabeled\A_picture_of_a_nurse_S2465431085_St50_G7.5.1725.jpeg,Female
H:/Photos/AI/Unlabeled\Unlabeled\A_picture_of_a_nurse_S2720279458_St50_G7.5.2615.jpeg,Female
H:/Photos/AI/Unlabeled\Unlabeled\A_picture_of_a_pharmacist_S783621396_St50_G7.5.612.jpeg,Female
H:/Photos/AI/Unlabeled\Unlabeled\A_picture_of_a_nurse_S4109978633_St50_G7.5.821.jpeg,Female
H:/Photos/AI/Unlabeled\Unlabeled\a_photograph_of_a_nurse_S2436172150_St50_G7.5.1079.jpeg,Female
H:/Photos/AI/Unlabeled\Unlabeled\A_picture_of_a_pharmacist_S1959098811_St50_G7.5.97.jpeg,Discard
H:/Photos/AI/Unlabeled\Unlabeled\A_photograph_of_a_paramedic_S3613050692_St24_G7.5.500.jpeg,Female
H:/Photos/AI/Unlabeled\Unlabeled\A_picture_of_a_pharmacist_S361875998_St50_G7.5.3699.jpeg,Female
H:/Photos/AI/Unlabeled\Unlabeled\A_picture_of_a_pharmacist_S3091257246_St50_G7.5.2327.jpeg,Female
H:/Photos/AI/Unlabeled\Unlabeled\A_picture_of_a_nurse_S1292717478_St50_G7.5.511.jpeg,Female
H:/Photos/AI/Unlabeled\Unlabeled\A_picture_of_a_nurse_S194620662_St50_G7.5.1410.jpeg,Female
H:/Photos/AI/Unlabeled\Unlabeled\A_photograph_of_a_psychologist_S1265857457_St24_G7.5.3581.jpeg,Female
H:/Photos/AI/Unlabeled\Unlabeled\A_photograph_of_a_phlebotomist_S2916520744_St24_G7.5.4853.jpeg,Discard
H:/Photos/AI/Unlabeled\Unlabeled\A_photograph_of_a_nutritionist_S4290879245_St24_G7.5.1186.jpeg,Female
H:/Photos/AI/Unlabeled\Unlabeled\a_photograph_of_a_nurse_S3960930534_St50_G7.5.1590.jpeg,Female
H:/Photos/AI/Unlabeled\Unlabeled\a_picture_of_a_nurse_S3100987079_St50_G7.5.839.jpeg,Female
H:/Photos/AI/Unlabeled\Unlabeled\A_picture_of_a_nurse_S3759982607_St50_G7.5.428.jpeg,Discard
H:/Photos/AI/Unlabeled\Unlabeled\a_photograph_of_a_nurse_S3696007538_St50_G7.5.662.jpeg,Discard
H:/Photos/AI/Unlabeled\Unlabeled\A_photograph_of_a_phlebotomist_S2916520756_St24_G7.5.4841.jpeg,Discard
H:/Photos/AI/Unlabeled\Unlabeled\A_picture_of_a_nurse_S4031283682_St50_G7.5.2893.jpeg,Female
H:/Photos/AI/Unlabeled\Unlabeled\A_picture_of_a_nurse_S2212986430_St50_G7.5.1625.jpeg,Female
H:/Photos/AI/Unlabeled\Unlabeled\A_picture_of_a_doctor_S1619053020_St50_G7.5.1826.jpeg,Male
H:/Photos/AI/Unlabeled\Unlabeled\A_photograph_of_a_social_worker_S1265857447_St24_G7.5.3951.jpeg,Female
H:/Photos/AI/Unlabeled\Unlabeled\A_photograph_of_a_social_worker_S3613050698_St24_G7.5.704.jpeg,Female
H:/Photos/AI/Unlabeled\Unlabeled\A_picture_of_a_pharmacist_S1959098814_St50_G7.5.94.jpeg,Discard
H:/Photos/AI/Unlabeled\Unlabeled\A_photograph_of_a_social_worker_S3401981980_St25_G7.5.1282.jpeg,Female
H:/Photos/AI/Unlabeled\Unlabeled\A_portrait_of_a_phlebotomist_S3839320203_St25_G7.5.949.jpeg,Female
H:/Photos/AI/Unlabeled\Unlabeled\A_portrait_of_a_social_worker_S2529114017_St25_G7.5.1262.jpeg,Female
H:/Photos/AI/Unlabeled\Unlabeled\A_photograph_of_a_psychologist_S3797503393_St25_G7.5.1277.jpeg,Discard
H:/Photos/AI/Unlabeled\Unlabeled\a_picture_of_a_nurse_S3256000849_St50_G7.5.441.jpeg,Female
H:/Photos/AI/Unlabeled\Unlabeled\a_photograph_of_a_nurse_S3692329871_St50_G7.5.504.jpeg,Female
H:/Photos/AI/Unlabeled\Unlabeled\a_photograph_of_a_pharmacist_S954533698_St50_G7.5.845.jpeg,Female
H:/Photos/AI/Unlabeled\Unlabeled\a_picture_of_a_nurse_S3069196434_St50_G7.5.418.jpeg,Female
H:/Photos/AI/Unlabeled\Unlabeled\A_photograph_of_a_social_worker_S3613050692_St24_G7.5.710.jpeg,Female
H:/Photos/AI/Unlabeled\Unlabeled\A_picture_of_a_nurse_S1619052997_St50_G7.5.1874.jpeg,Female
H:/Photos/AI/Unlabeled\Unlabeled\A_photograph_of_a_veterinarian_S3613050689_St24_G7.5.233.jpeg,Female
H:/Photos/AI/Unlabeled\Unlabeled\A_photograph_of_a_nutritionist_S3613050689_St24_G7.5.383.jpeg,Female
H:/Photos/AI/Unlabeled\Unlabeled\a_photograph_of_a_nurse_S1905688410_St50_G7.5.1112.jpeg,Female
H:/Photos/AI/Unlabeled\Unlabeled\A_picture_of_a_nurse_S194620661_St50_G7.5.1411.jpeg,Female
H:/Photos/AI/Unlabeled\Unlabeled\A_photograph_of_a_nutritionist_S3850076689_St24_G7.5.5209.jpeg,Female
H:/Photos/AI/Unlabeled\Unlabeled\A_photograph_of_a_paramedic_S1183754130_St25_G7.5.jpeg,Female
H:/Photos/AI/Unlabeled\Unlabeled\A_picture_of_a_pharmacist_S2923188521_St50_G7.5.2411.jpeg,Female
H:/Photos/AI/Unlabeled\Unlabeled\A_picture_of_a_nurse_S2593782882_St50_G7.5.1484.jpeg,Female
H:/Photos/AI/Unlabeled\Unlabeled\A_photograph_of_a_veterinarian_S2916520738_St24_G7.5.4289.jpeg,Female
H:/Photos/AI/Unlabeled\Unlabeled\A_picture_of_a_nurse_S4109978649_St50_G7.5.805.jpeg,Female
H:/Photos/AI/Unlabeled\Unlabeled\A_picture_of_a_nurse_S3451022958_St50_G7.5.2978.jpeg,Female
H:/Photos/AI/Unlabeled\Unlabeled\A_photograph_of_a_veterinarian_S3540142768_St25_G7.5.738.jpeg,Female
H:/Photos/AI/Unlabeled\Unlabeled\A_picture_of_a_nurse_S970139326_St50_G7.5.3065.jpeg,Female
H:/Photos/AI/Unlabeled\Unlabeled\A_picture_of_a_nurse_S2923188511_St50_G7.5.2396.jpeg,Female
H:/Photos/AI/Unlabeled\Unlabeled\a_photograph_of_a_pharmacist_S2933581142_St50_G7.5.1239.jpeg,Female
H:/Photos/AI/Unlabeled\Unlabeled\A_portrait_of_a_veterinarian_S2939989873_St25_G7.5.1979.jpeg,Female
H:/Photos/AI/Unlabeled\Unlabeled\A_picture_of_a_nurse_S2154504459_St50_G7.5.3888.jpeg,Discard
H:/Photos/AI/Unlabeled\Unlabeled\a_photograph_of_a_nurse_S1241069290_St50_G7.5.384.jpeg,Female
H:/Photos/AI/Unlabeled\Unlabeled\A_photograph_of_a_psychologist_S3797503388_St25_G7.5.1282.jpeg,Female
H:/Photos/AI/Unlabeled\Unlabeled\A_picture_of_a_nurse_S2161472965_St50_G7.5.731.jpeg,Female
H:/Photos/AI/Unlabeled\Unlabeled\a_photograph_of_a_pharmacist_S3807920069_St50_G7.5.305.jpeg,Female
H:/Photos/AI/Unlabeled\Unlabeled\A_picture_of_a_doctor_S2617658344_St50_G7.5.2673.jpeg,Discard
H:/Photos/AI/Unlabeled\Unlabeled\A_picture_of_a_nurse_S1678396638_St50_G7.5.3510.jpeg,Female
H:/Photos/AI/Unlabeled\Unlabeled\A_picture_of_a_nurse_S2154504468_St50_G7.5.3879.jpeg,Female
H:/Photos/AI/Unlabeled\Unlabeled\a_photograph_of_a_pharmacist_S2933581143_St50_G7.5.1238.jpeg,Female
H:/Photos/AI/Unlabeled\Unlabeled\a_photograph_of_a_nurse_S191969678_St50_G7.5.628.jpeg,Female
H:/Photos/AI/Unlabeled\Unlabeled\a_photograph_of_a_pharmacist_S1031943445_St50_G7.5.1536.jpeg,Female
H:/Photos/AI/Unlabeled\Unlabeled\A_photograph_of_a_veterinarian_S4088233419_St24_G7.5.1838.jpeg,Female
H:/Photos/AI/Unlabeled\Unlabeled\A_photograph_of_a_veterinarian_S4290879250_St24_G7.5.1031.jpeg,Female
H:/Photos/AI/Unlabeled\Unlabeled\A_picture_of_a_nurse_S2212986442_St50_G7.5.1613.jpeg,Female
H:/Photos/AI/Unlabeled\Unlabeled\A_picture_of_a_nurse_S104304454_St50_G7.5.1551.jpeg,Female
H:/Photos/AI/Unlabeled\Unlabeled\a_picture_of_a_doctor_S1807927554_St50_G7.5.518.jpeg,Discard
H:/Photos/AI/Unlabeled\Unlabeled\A_picture_of_a_pharmacist_S3354359295_St50_G7.5.1281.jpeg,Female
H:/Photos/AI/Unlabeled\Unlabeled\A_picture_of_a_nurse_S1044368662_St50_G7.5.2831.jpeg,Discard
H:/Photos/AI/Unlabeled\Unlabeled\A_portrait_of_a_psychologist_S2253950433_St25_G7.5.634.jpeg,Male
H:/Photos/AI/Unlabeled\Unlabeled\A_photograph_of_a_veterinarian_S1265857449_St24_G7.5.3469.jpeg,Female
H:/Photos/AI/Unlabeled\Unlabeled\A_picture_of_a_pharmacist_S3094636060_St50_G7.5.1354.jpeg,Male
H:/Photos/AI/Unlabeled\Unlabeled\A_photograph_of_a_paramedic_S2916520760_St24_G7.5.4537.jpeg,Female
H:/Photos/AI/Unlabeled\Unlabeled\A_photograph_of_a_paramedic_S2916520749_St24_G7.5.4548.jpeg,Female
H:/Photos/AI/Unlabeled\Unlabeled\A_photograph_of_a_nutritionist_S4290879251_St24_G7.5.1180.jpeg,Discard
H:/Photos/AI/Unlabeled\Unlabeled\A_photograph_of_a_nutritionist_S4290879243_St24_G7.5.1188.jpeg,Discard
H:/Photos/AI/Unlabeled\Unlabeled\A_picture_of_a_nurse_S1913709108_St50_G7.5.3359.jpeg,Female
H:/Photos/AI/Unlabeled\Unlabeled\A_portrait_of_a_phlebotomist_S1914879975_St25_G7.5.464.jpeg,Female
H:/Photos/AI/Unlabeled\Unlabeled\A_picture_of_a_nurse_S539955790_St50_G7.5.2756.jpeg,Female
H:/Photos/AI/Unlabeled\Unlabeled\A_picture_of_a_nurse_S2161472959_St50_G7.5.737.jpeg,Female
H:/Photos/AI/Unlabeled\Unlabeled\A_picture_of_a_nurse_S1999427628_St50_G7.5.671.jpeg,Female
H:/Photos/AI/Unlabeled\Unlabeled\a_photograph_of_a_pharmacist_S1031943443_St50_G7.5.1538.jpeg,Female
H:/Photos/AI/Unlabeled\Unlabeled\A_picture_of_a_nurse_S2736504178_St50_G7.5.2467.jpeg,Female
H:/Photos/AI/Unlabeled\Unlabeled\a_picture_of_a_nurse_S4270077014_St50_G7.5.505.jpeg,Female
H:/Photos/AI/Unlabeled\Unlabeled\A_portrait_of_a_veterinarian_S4047248297_St25_G7.5.688.jpeg,Female
H:/Photos/AI/Unlabeled\Unlabeled\a_photograph_of_a_pharmacist_S954533690_St50_G7.5.853.jpeg,Female
H:/Photos/AI/Unlabeled\Unlabeled\A_portrait_of_a_veterinarian_S2735281266_St25_G7.5.203.jpeg,Female
H:/Photos/AI/Unlabeled\Unlabeled\A_photograph_of_a_phlebotomist_S3527036111_St25_G7.5.1928.jpeg,Female
H:/Photos/AI/Unlabeled\Unlabeled\A_picture_of_a_nurse_S2085770652_St50_G7.5.293.jpeg,Female
H:/Photos/AI/Unlabeled\Unlabeled\A_photograph_of_a_social_worker_S5768295_St25_G7.5.2229.jpeg,Female
H:/Photos/AI/Unlabeled\Unlabeled\a_photograph_of_a_nurse_S397708549_St50_G7.5.753.jpeg,Female
H:/Photos/AI/Unlabeled\Unlabeled\A_photograph_of_a_nutritionist_S3850076687_St24_G7.5.5211.jpeg,Female
H:/Photos/AI/Unlabeled\Unlabeled\A_photograph_of_a_nutritionist_S3459718908_St25_G7.5.474.jpeg,Female
H:/Photos/AI/Unlabeled\Unlabeled\A_picture_of_a_nurse_S3091257225_St50_G7.5.2323.jpeg,Female
H:/Photos/AI/Unlabeled\Unlabeled\A_photograph_of_a_veterinarian_S4088233409_St24_G7.5.1848.jpeg,Female
H:/Photos/AI/Unlabeled\Unlabeled\a_picture_of_a_nurse_S2497546160_St50_G7.5.683.jpeg,Female
H:/Photos/AI/Unlabeled\Unlabeled\A_photograph_of_a_paramedic_S1265857450_St24_G7.5.3738.jpeg,Female
H:/Photos/AI/Unlabeled\Unlabeled\a_photograph_of_a_nurse_S3696007537_St50_G7.5.663.jpeg,Female
H:/Photos/AI/Unlabeled\Unlabeled\A_portrait_of_a_veterinarian_S2739780463_St25_G7.5.1013.jpeg,Female
H:/Photos/AI/Unlabeled\Unlabeled\A_picture_of_a_nurse_S1678396624_St50_G7.5.3524.jpeg,Female
H:/Photos/AI/Unlabeled\Unlabeled\A_picture_of_a_nurse_S3091257229_St50_G7.5.2319.jpeg,Female
H:/Photos/AI/Unlabeled\Unlabeled\A_photograph_of_a_dietitian_S1265857467_St24_G7.5.3691.jpeg,Female
H:/Photos/AI/Unlabeled\Unlabeled\A_picture_of_a_pharmacist_S1201555767_St50_G7.5.3247.jpeg,Discard
H:/Photos/AI/Unlabeled\Unlabeled\A_photograph_of_a_psychologist_S4102483691_St25_G7.5.2047.jpeg,Female
H:/Photos/AI/Unlabeled\Unlabeled\A_portrait_of_a_paramedic_S1345394948_St25_G7.5.569.jpeg,Male
H:/Photos/AI/Unlabeled\Unlabeled\a_photograph_of_a_nurse_S1710411815_St50_G7.5.1017.jpeg,Discard
H:/Photos/AI/Unlabeled\Unlabeled\a_photograph_of_a_nurse_S3960930540_St50_G7.5.1584.jpeg,Female
H:/Photos/AI/Unlabeled\Unlabeled\A_picture_of_a_nurse_S1678396634_St50_G7.5.3514.jpeg,Discard
H:/Photos/AI/Unlabeled\Unlabeled\A_picture_of_a_pharmacist_S970139324_St50_G7.5.3092.jpeg,Male
H:/Photos/AI/Unlabeled\Unlabeled\A_picture_of_a_pharmacist_S2720279469_St50_G7.5.2629.jpeg,Discard
H:/Photos/AI/Unlabeled\Unlabeled\A_picture_of_a_nurse_S3091257232_St50_G7.5.2316.jpeg,Female
H:/Photos/AI/Unlabeled\Unlabeled\A_picture_of_a_nurse_S1912139355_St50_G7.5.3432.jpeg,Female
H:/Photos/AI/Unlabeled\Unlabeled\A_picture_of_a_nurse_S1094429942_St50_G7.5.138.jpeg,Female
H:/Photos/AI/Unlabeled\Unlabeled\A_photograph_of_a_paramedic_S2916520761_St24_G7.5.4536.jpeg,Discard
H:/Photos/AI/Unlabeled\Unlabeled\a_picture_of_a_pharmacist_S1486509759_St50_G7.5.18.jpeg,Female
H:/Photos/AI/Unlabeled\Unlabeled\A_photograph_of_a_phlebotomist_S4088233406_St24_G7.5.2421.jpeg,Female
H:/Photos/AI/Unlabeled\Unlabeled\A_photograph_of_a_paramedic_S3401981977_St25_G7.5.1110.jpeg,Female
H:/Photos/AI/Unlabeled\Unlabeled\a_photograph_of_a_nurse_S304973710_St50_G7.5.901.jpeg,Female
H:/Photos/AI/Unlabeled\Unlabeled\A_picture_of_a_pharmacist_S104304434_St50_G7.5.1596.jpeg,Male
H:/Photos/AI/Unlabeled\Unlabeled\A_portrait_of_a_social_worker_S1681172671_St25_G7.5.1583.jpeg,Discard
H:/Photos/AI/Unlabeled\Unlabeled\A_portrait_of_a_social_worker_S1345394945_St25_G7.5.614.jpeg,Female
H:/Photos/AI/Unlabeled\Unlabeled\A_photograph_of_a_phlebotomist_S3613050699_St24_G7.5.793.jpeg,Discard
H:/Photos/AI/Unlabeled\Unlabeled\A_picture_of_a_nurse_S194620653_St50_G7.5.1419.jpeg,Female
H:/Photos/AI/Unlabeled\Unlabeled\A_photograph_of_a_paramedic_S3540142764_St25_G7.5.802.jpeg,Female
H:/Photos/AI/Unlabeled\Unlabeled\A_photograph_of_a_dentist_S3613050691_St24_G7.5.291.jpeg,Male
H:/Photos/AI/Unlabeled\Unlabeled\A_photograph_of_a_phlebotomist_S3401981985_St25_G7.5.1377.jpeg,Female
H:/Photos/AI/Unlabeled\Unlabeled\A_picture_of_a_doctor_S4063400755_St50_G7.5.3722.jpeg,Male
H:/Photos/AI/Unlabeled\Unlabeled\A_photograph_of_a_phlebotomist_S4088233400_St24_G7.5.2427.jpeg,Discard
H:/Photos/AI/Unlabeled\Unlabeled\A_photograph_of_a_phlebotomist_S2007137529_St24_G7.5.3238.jpeg,Female
H:/Photos/AI/Unlabeled\Unlabeled\A_picture_of_a_pharmacist_S783621388_St50_G7.5.620.jpeg,Male
H:/Photos/AI/Unlabeled\Unlabeled\A_photograph_of_a_dentist_S3850076685_St24_G7.5.5153.jpeg,Female
H:/Photos/AI/Unlabeled\Unlabeled\A_picture_of_a_pharmacist_S4073288457_St50_G7.5.3988.jpeg,Male
H:/Photos/AI/Unlabeled\Unlabeled\A_photograph_of_a_paramedic_S2007137543_St24_G7.5.2924.jpeg,Female
H:/Photos/AI/Unlabeled\Unlabeled\A_picture_of_a_pharmacist_S3827192374_St50_G7.5.3153.jpeg,Male
H:/Photos/AI/Unlabeled\Unlabeled\A_picture_of_a_nurse_S3354359283_St50_G7.5.1268.jpeg,Female
H:/Photos/AI/Unlabeled\Unlabeled\a_picture_of_a_nurse_S346308007_St50_G7.5.598.jpeg,Female
H:/Photos/AI/Unlabeled\Unlabeled\a_photograph_of_a_nurse_S281117334_St50_G7.5.719.jpeg,Female
H:/Photos/AI/Unlabeled\Unlabeled\A_picture_of_a_nurse_S2147618323_St50_G7.5.951.jpeg,Female
